<?xml version="1.0" encoding="UTF-8"?>
<beans xmlns="http://www.springframework.org/schema/beans"
	   xmlns:xsi="http://www.w3.org/2001/XMLSchema-instance"
	   xmlns:security="http://www.springframework.org/schema/security"
	   xsi:schemaLocation="http://www.springframework.org/schema/security
	   http://www.springframework.org/schema/security/spring-security.xsd
		http://www.springframework.org/schema/beans
		 http://www.springframework.org/schema/beans/spring-beans.xsd">

	<!--빈등록-->
	<bean id="customAccessDenied" class="kr.co.chunjae.security.CustomAccessDeniedHandler"/>
	<bean id="customLoginSuccess" class="kr.co.chunjae.security.CustomLoginSuccessHandler"/>

	<security:http>
		<!--<security:form-login/>-->


		<security:intercept-url pattern="/sample/all" access="permitAll()"/>
		<security:intercept-url pattern="/sample/member" access="hasRole('ROLE_MEMBER')"/>
		<security:intercept-url pattern="/sample/admin" access="hasRole('ROLE_ADMIN')"/>

		<!--페이지 바로 출력할때-->
		<!--<security:access-denied-handler error-page="/accessError"/>-->
		<!--Implement로 error메세지 출력할때 ( Bean에 등록해서 사용 )-->
		<security:access-denied-handler ref="customAccessDenied"/>

		<!--logout-success-url 아님 주의!! 이게 없으면 POST 방식으로 전송을 하지 못함.-->
		<!--<security:form-login login-page="/customLogin" />-->
		<security:form-login login-page="/customLogin" authentication-success-handler-ref="customLoginSuccess"/>

		<!--로그아웃 페이지로 이동-->
		<!--지정하지 않으면 customLogout의 form 속성에서 action 값을 다른 값으로 써야한다. (기본값 : logout)-->
		<security:logout logout-url="/customLogout" invalidate-session="true"/>

		<security:csrf disabled="true"/>
	</security:http>
	<!--DB 저장할 때 권한이 3개라면 DB에 3개를 다 넣어야함.-->
	<security:authentication-manager>
		<security:authentication-provider>

			<security:jdbc-user-service data-source-ref="dataSource"/>

		</security:authentication-provider>
	</security:authentication-manager>
</beans>
