<?xml version="1.0" encoding="UTF-8"?>
        <!DOCTYPE mapper PUBLIC "-//mybatis.org//DTD Mapper 3.0//EN"
                "http://mybatis.org/dtd/mybatis-3-mapper.dtd">
<mapper namespace="Student">
    <insert id="saveStudent" parameterType="student">
        insert into student
        values (#{studentId}, #{studentName}, #{korean}, #{english}, #{math})
    </insert>

    <select id="findAllStudent" resultType="student">
        select * from student
    </select>

    <select id="findStudentById" parameterType="String" resultType="student">
        select * from student where studentId = #{studentId}
    </select>

    <update id="updateStudent" parameterType="student">
        update student
        set korean = #{korean} , english = #{english} , math = #{math}
        where studentId = #{studentId}
    </update>

    <delete id="deleteStudent" parameterType="student">
        delete from student where studentId = #{studentId}
    </delete>


</mapper>