<?xml version="1.0" encoding="UTF-8"?>
<beans xmlns="http://www.springframework.org/schema/beans"
       xmlns:xsi="http://www.w3.org/2001/XMLSchema-instance"
       xmlns:security="http://www.springframework.org/schema/security"
       xsi:schemaLocation="http://www.springframework.org/schema/security http://www.springframework.org/schema/security/spring-security.xsd
		http://www.springframework.org/schema/beans http://www.springframework.org/schema/beans/spring-beans.xsd">

    <!--<bean id="customaccessDenied" class="org.zerock.security.CustomAccessDeniedHandler" />
    &lt;!&ndash; <bean id="cusotmLoginSuccess" class="org.zerock.security.CustomLlginSuccessHandler" /> &ndash;&gt;
    &lt;!&ndash; <bean id="customPasswordEncoder" class="org.zerock.security.CustomNoOpPasswordEncoder" /> &ndash;&gt;
    <bean id="customUserDetailsService"
          class="org.zerock.security.CustomUserDetailsService" />

    <bean id="bcryptPasswordEncoder"
          class="org.springframework.security.crypto.bcrypt.BCryptPasswordEncoder" />-->


    <security:http auto-config="true" use-expressions="true">

         <!--<security:csrf disabled="true"/>

        <security:intercept-url pattern="/student/loginForm"  access="permitAll"/>
        <security:intercept-url pattern="/student/studentList"  access="hasRole('ROLE_MEMBER')"/>
        <security:intercept-url pattern="/student/save"  access="hasRole('ROLE_MEMBER')"/>

        <security:access-denied-handler ref="customAccessDenied" />

        <security:form-login login-page="/student/loginForm" />

        <security:logout logout-url="/customLogout" invalidate-session="true"
                         delete-cookies="remember-me, JSESSIONID"/>

        <security:remember-me data-source-ref="dataSource" token-validity-seconds="604800"/>-->

    </security:http>

    <security:authentication-manager>
        <!--<security:authentication-provider user-service-ref="customUserDetailsService">


            <security:password-encoder
                    ref = "bcryptPasswordEncoder" />
        </security:authentication-provider>-->
    </security:authentication-manager>
</beans>