<?xml version="1.0" encoding="UTF-8"?>
<beans xmlns="http://www.springframework.org/schema/beans"
	   xmlns:xsi="http://www.w3.org/2001/XMLSchema-instance"
	   xmlns:security="http://www.springframework.org/schema/security"
	   xsi:schemaLocation="http://www.springframework.org/schema/security
	   http://www.springframework.org/schema/security/spring-security.xsd
		http://www.springframework.org/schema/beans
		 http://www.springframework.org/schema/beans/spring-beans.xsd">

	<bean id="customAccessDenied" class="kr.co.chunjae.security.CustomAccessDeniedHandler"/>

	<security:http>
		<!--<security:form-login/>-->
		<security:form-login login-page="/customLogin"/>

		<security:intercept-url pattern="/sample/all" access="permitAll()"/>
		<security:intercept-url pattern="/sample/member" access="hasRole('ROLE_MEMBER')"/>
		<security:intercept-url pattern="/sample/admin" access="hasRole('ROLE_ADMIN')"/>

		<!--페이지 바로 출력할때-->
		<!--<security:access-denied-handler error-page="/accessError"/>-->
		<!--Implement로 error메세지 출력할때 ( Bean에 등록해서 사용 )-->
		<security:access-denied-handler ref="customAccessDenied"/>

	</security:http>
	<security:authentication-manager>
		<security:authentication-provider>
			<security:user-service>

				<security:user name="member" password="{noop}member" authorities="ROLE_MEMBER"/>
				<security:user name="admin" password="{noop}admin" authorities="ROLE_ADMIN , ROLE_MEMBER"/>

			</security:user-service>
		</security:authentication-provider>
	</security:authentication-manager>
</beans>
