<?xml version="1.0" encoding="UTF-8"?>

<configuration status="INFO">

    <Appenders>
        <!--콘솔-->
        <Console name="console" target="SYSTEM_OUT">
            <PatternLayout charset="UTF-8" pattern ="%d{hh:mm:ss} %5p: [%c] %m%n" />
        </Console>
    </Appenders>

    <!-- Loggers -->
    <Loggers>
        <Logger name="org.springframework" level="INFO" additivity="false">
            <AppenderRef ref="console" />
        </Logger>

        <Logger name="org.zerock" level="INFO" additivity="false">
            <AppenderRef ref="console" />
        </Logger>

        <root level="INFO" additivity="false">
            <AppenderRef ref="console" />
        </root>
    </Loggers>

</configuration>